<?xml version="1.0" encoding="UTF-8"?>
<server>
   <mbean code="org.jboss.mq.server.jmx.Queue"
      name="jboss.mq.destination:service=Queue,name=tutorial">
      <attribute name="JNDIName">queue/tutorial/example</attribute>
      <depends optional-attribute-name="DestinationManager">jboss.mq:service=DestinationManager</depends>
   </mbean>

   <mbean code="org.jboss.mq.server.jmx.Queue"
      name="jboss.mq.destination:service=Queue,name=defaultedtutorial">
      <attribute name="JNDIName">queue/tutorial/defaultedexample</attribute>
      <depends optional-attribute-name="DestinationManager">jboss.mq:service=DestinationManager</depends>
   </mbean>
</server>
