<?xml version="1.0" encoding="UTF-8"?>

     <!-- 
     //////////////////////////////////////////////////////////////////////
     // title ......:  Ant build file for the Client application
     // copyright ..:  CroftSoft Inc
     // version ....:  $Date: 2006/12/16 05:05:14 $
     // since ......:  2006-10-30
     // author .....:  David Wallace Croft (http://www.CroftSoft.com/)
     //////////////////////////////////////////////////////////////////////
     -->

     <project name="client" default="client_run" basedir="..">
     <!-- ///////////////////////////////////////////////////////////// -->
     <!-- ///////////////////////////////////////////////////////////// -->
     
     <import file="common.xml"/>

     <property name="whoola_dir" value="../../whoola"/>

     <!-- 
     //////////////////////////////////////////////////////////////////////
     //////////////////////////////////////////////////////////////////////
     -->

     <target name="client_compile" depends="init">
     <!-- ///////////////////////////////////////////////////////////// -->
      
       <delete dir="${tmp_dir}"/>
       <mkdir  dir="${tmp_dir}"/>
	
       <javac
         destdir="${tmp_dir}"
         deprecation="true"
         debug="true"
         source="1.5"
         target="1.5">
         <src path="${src_dir}"/>
         <src path="${core_dir}/src"/>
         <src path="${whoola_dir}/core/src"/>
         <include name="com/croftsoft/apps/client/ClientApplet.java"/>
         <include name="com/whoola/core/speech/ChatSpeakerSSML.java"/>
         <classpath>
           <fileset dir="${core_dir}/ext/freetts" includes="*.jar"/>
         </classpath>
         <compilerarg value="-Xlint" />
       </javac>
       
     </target>
      
     <target name="client_run" depends="client_compile">
     <!-- ///////////////////////////////////////////////////////////// -->           
       <java
         classname="com.croftsoft.apps.client.ClientMain"
         fork="true">
         <classpath>
           <pathelement location="${tmp_dir}"/>
           <fileset dir="${core_dir}/ext/freetts" includes="*.jar"/>
         </classpath>
       </java>
     </target>

     <target name="client_jar" depends="client_compile">
     <!-- ///////////////////////////////////////////////////////////// -->
       <copy
         todir="${arc_dir}/ext/freetts"
         overwrite="true">
         <fileset dir="${core_dir}/ext/freetts" includes="*.jar"/>
       </copy>
       
       <jar 
         basedir="${tmp_dir}"
         destfile="${arc_dir}/croftsoft_client.jar"
         index="true"
         update="false">
         <manifest>
           <attribute
             name="Main-Class"
             value="com.croftsoft.apps.client.ClientMain"/>
         </manifest>
         <indexjars>
           <fileset dir="${arc_dir}/ext/freetts">
             <include name="*.jar"/>
           </fileset>
         </indexjars>
       </jar>
     </target>

     <target name="client_sign" depends="client_jar">
     <!-- ///////////////////////////////////////////////////////////// -->

       <delete dir="${tmp_dir}"/>
       <mkdir  dir="${tmp_dir}"/>

       <antcall target="unsign_repack_sign_pack">
         <param name="jar"
           value="${arc_dir}/ext/freetts/cmu_us_kal.jar" />
       </antcall>
       <antcall target="unsign_repack_sign_pack">
         <param name="jar"
           value="${arc_dir}/ext/freetts/cmulex.jar" />
       </antcall>
       <antcall target="unsign_repack_sign_pack">
         <param name="jar"
           value="${arc_dir}/ext/freetts/en_us.jar" />
       </antcall>
       <antcall target="unsign_repack_sign_pack">
         <param name="jar"
           value="${arc_dir}/ext/freetts/freetts.jar" />
       </antcall>
       <antcall target="unsign_repack_sign_pack">
         <param name="jar"
           value="${arc_dir}/ext/freetts/jsapi.jar" />
       </antcall>

       <antcall target="repack_sign_pack">
         <param name="jar"
           value="${arc_dir}/croftsoft_client.jar" />
       </antcall>

     </target>

     <target name="client_war" depends="client_sign">
     <!-- ///////////////////////////////////////////////////////////// -->
       <delete dir="${tmp_dir}"/>
       <mkdir  dir="${tmp_dir}"/>

       <copy todir="${tmp_dir}">
         <fileset dir="${arc_dir}/ext/freetts">
           <include name="**/*.jar"/>
           <include name="**/*.jar.pack.gz"/>
         </fileset>
       </copy>
       
       <copy todir="${tmp_dir}">
         <fileset dir="${arc_dir}">
           <include name="croftsoft_client.jar"/>
         </fileset>
         <fileset dir="${res_dir}/client">
           <include name="client.jnlp"/>
         </fileset>
       </copy>
       
       <jar 
         basedir="${tmp_dir}"
         destfile="${arc_dir}/croftsoft_client.war"
         update="false"/>
         
     </target>

     <target name="client_deploy" depends="client_war">
     <!-- ///////////////////////////////////////////////////////////// -->
       <scp
         localFile="${arc_dir}/croftsoft_client.war"
         remoteTodir=
           "root@croftsoft.com:/opt/jboss4/server/default/deploy"
         password="${deploy_password}"
         trust="true"
         verbose="true"/>
     </target>

     <!-- ///////////////////////////////////////////////////////////// -->
     <!-- ///////////////////////////////////////////////////////////// -->
     </project>