<?xml version="1.0" encoding="UTF-8"?>

    <!-- 
    ////////////////////////////////////////////////////////////////////////
    // title ......:  Common properties and targets
    // copyright ..:  CroftSoft Inc
    // version ....:  $Date: 2007/12/01 01:21:17 $
    // since ......:  2006-01-10
    // author .....:  David Wallace Croft (http://www.CroftSoft.com/)
    ////////////////////////////////////////////////////////////////////////
    -->

    <project name="common" default="init" basedir="..">
    <!-- /////////////////////////////////////////////////////////////// -->
    <!-- /////////////////////////////////////////////////////////////// -->

    <property name="arc_dir" value="arc"/>
    <property name="bld_dir" value="bld"/>
    <property name="doc_dir" value="doc"/>
    <property name="ext_dir" value="ext"/>
    <property name="key_dir" value="key"/>
    <property name="lic_dir" value="lic"/>
    <property name="res_dir" value="res"/>
    <property name="src_dir" value="src"/>
    <property name="tmp_dir" value="tmp"/>

    <property name="core_dir" value="../core"/>
    <property name="J2EE_HOME" value="C:\Sun\AppServer"/>
    <property name="j2ee_jar"  value="${J2EE_HOME}/lib/j2ee.jar"/>
    <property
      name="java_web_start_jar"
      value="${JAVA_HOME}/jre/lib/javaws.jar"/>
     
    <!-- 
    ////////////////////////////////////////////////////////////////////////
    // Targets
    ////////////////////////////////////////////////////////////////////////
    -->
      
    <target name="init">
    <!-- /////////////////////////////////////////////////////////////// -->
      <mkdir  dir="${arc_dir}"/>
      <delete dir="${tmp_dir}"/>
      <mkdir  dir="${tmp_dir}"/>
      <tstamp>
        <format property="TIME_ISO"  pattern="yyyy-MM-dd HH:mm:ss"/>
        <format property="TODAY_ISO" pattern="yyyy-MM-dd"/>
        <format property="YEAR"      pattern="yyyy"/>
      </tstamp>
    </target>

    <target name="keystoreCheck">
    <!-- /////////////////////////////////////////////////////////////// -->
      <available file="${key_dir}/keystore" property="${hasKeystore}"/>
    </target>
      
    <target name="keystore" depends="keystoreCheck" unless="${hasKeystore}">
    <!-- /////////////////////////////////////////////////////////////// -->
    <!-- http://ant.apache.org/manual/CoreTasks/genkey.html              -->
    <!-- http://java.sun.com/javase/6/docs/technotes/tools/windows/      -->
    <!--   keytool.html                                                  -->
    <!-- /////////////////////////////////////////////////////////////// -->
      <mkdir dir="${key_dir}"/>
      <genkey
        alias="alias"
        keypass="${password}"
        keystore="${key_dir}/keystore"
        storepass="${password}"
        validity="365"
        verbose="true">
        <dname>
          <param name="CN" value="CroftSoft, Inc."/>
          <param name="OU" value="David Wallace Croft"/>
          <param name="O"  value="CroftSoft, Inc."/>
          <param name="L"  value="Carrollton"/>
          <param name="S"  value="Texas"/>
          <param name="C"  value="US"/>
        </dname>
      </genkey>
    </target>

    <target name="repack_pack">
    <!-- /////////////////////////////////////////////////////////////// -->
      <exec executable="${java.home}/bin/pack200">
        <arg line="--repack ${jar}"/>
      </exec>
      <exec executable="${java.home}/bin/pack200">
        <arg line="${jar}.pack.gz ${jar}"/>
      </exec>
    </target>
     
    <target name="repack_sign_pack">
    <!-- /////////////////////////////////////////////////////////////// -->
      <exec executable="${java.home}/bin/pack200">
        <arg line="--repack ${jar}"/>
      </exec>
      <antcall target="signjar">
        <param name="jar" value="${jar}"/>
      </antcall>
      <exec executable="${java.home}/bin/pack200">
        <arg line="${jar}.pack.gz ${jar}"/>
      </exec>
    </target>
     
    <!-- 
    ////////////////////////////////////////////////////////////////////////
    // To create the keystore, run target "keystore" or enter the following:                                       
    //
    // mkdir key
    // cd key
    // c:\jdk\bin\keytool -genkey -alias alias -keypass password
    //   -keystore keystore -storepass password
    //
    // To provide the password during the build:
    //
    // ant -Dpassword=password
    //
    // If signjar fails, check that environment variable PATH includes
    // C:\jdk\bin (JAVA_HOME).
    ////////////////////////////////////////////////////////////////////////
    -->
    <target name="signjar" depends="keystore">
    <!-- /////////////////////////////////////////////////////////////// -->
      <signjar
        jar="${jar}"
        storepass="${password}"
        alias="alias"
        keystore="${key_dir}/keystore"
        keypass="${password}" />
    </target>

    <target name="unsign">
    <!-- /////////////////////////////////////////////////////////////// -->
      <mkdir dir="${jar}.tmp"/>
      <unjar src="${jar}" dest="${jar}.tmp"/>
      <delete dir="${jar}.tmp/META-INF"/>
      <jar destfile="${jar}" basedir="${jar}.tmp" update="false"/>
      <delete dir="${jar}.tmp"/>
    </target>
     
    <target name="unsign_repack_sign_pack">
    <!-- /////////////////////////////////////////////////////////////// -->
      <antcall target="unsign">
        <param name="jar" value="${jar}"/>
      </antcall>
      <exec executable="${java.home}/bin/pack200">
        <arg line="--repack ${jar}"/>
      </exec>
      <antcall target="signjar">
        <param name="jar" value="${jar}"/>
      </antcall>
      <exec executable="${java.home}/bin/pack200">
        <arg line="${jar}.pack.gz ${jar}"/>
      </exec>
    </target>

    <!-- /////////////////////////////////////////////////////////////// -->
    <!-- /////////////////////////////////////////////////////////////// -->
    </project>