<?xml version="1.0" encoding="UTF-8"?>

     <!-- 
     //////////////////////////////////////////////////////////////////////
     // title ......:  Ant build file for the Cyborg application
     // copyright ..:  Copyright 2005 CroftSoft Inc
     // license ....:  Licensed under the Academic Free License version 2.1
     // version ....:  $Date: 2005/10/11 04:28:13 $
     // since ......:  2004-12-01
     // author .....:  David Wallace Croft (http://www.CroftSoft.com/)
     //////////////////////////////////////////////////////////////////////
     -->

     <project name="cyborg" default="cyborg_run">
     <!-- ///////////////////////////////////////////////////////////// -->
     <!-- ///////////////////////////////////////////////////////////// -->

     <property name="arc_dir" value="arc"/>
     <property name="bld_dir" value="bld"/>
     <property name="ext_dir" value="ext"/>
     <property name="key_dir" value="key"/>
     <property name="lic_dir" value="lic"/>
     <property name="res_dir" value="res"/>
     <property name="src_dir" value="src"/>
     <property name="tmp_dir" value="tmp"/>

     <property name="core_src_dir" value="../core/src"/>

     <!-- 
     //////////////////////////////////////////////////////////////////////
     //////////////////////////////////////////////////////////////////////
     -->

     <target name="cyborg_compile">
     <!-- ///////////////////////////////////////////////////////////// -->
      
       <delete dir="${tmp_dir}"/>
       <mkdir  dir="${tmp_dir}"/>
	
       <javac destdir="${tmp_dir}">
         <classpath>
           <pathelement location="${ext_dir}/commons/commons-math.jar"/>
         </classpath>
         <src path="${src_dir}"/>
         <src path="${core_src_dir}"/>
         <include name="com/croftsoft/apps/cyborg/CyborgMain.java"/>
       </javac>
       
     </target>
      
     <target name="cyborg_run" depends="cyborg_compile">
     <!-- ///////////////////////////////////////////////////////////// -->           
       <java
         classname="com.croftsoft.apps.cyborg.CyborgMain"
         fork="true">
         <classpath>
           <pathelement location="${tmp_dir}"/>
           <pathelement location="${ext_dir}/commons/commons-math.jar"/>
         </classpath>
       </java>
      
     </target>

     <target name="cyborg_jar" depends="cyborg_compile">
     <!-- ///////////////////////////////////////////////////////////// -->
       <mkdir dir="arc"/>
       <jar 
         basedir="${tmp_dir}"
         destfile="${arc_dir}/croftsoft_newt_cyborg.jar"
         update="false"/>
     </target>

     <!-- ///////////////////////////////////////////////////////////// -->
     <!-- ///////////////////////////////////////////////////////////// -->
     </project>