<?xml version="1.0" encoding="UTF-8"?>

    <!-- 
    ////////////////////////////////////////////////////////////////////////
    // title ......:  Ant build file for the Exemplar application
    // copyright ..:  CroftSoft Inc
    // version ....:  $Date: 2008/08/17 21:05:20 $
    // since ......:  2006-01-03
    // author .....:  David Wallace Croft (http://www.CroftSoft.com/)
    ////////////////////////////////////////////////////////////////////////
    -->

    <project name="exemplar" default="exemplar_run" basedir="..">
    <!-- /////////////////////////////////////////////////////////////// -->
    <!-- /////////////////////////////////////////////////////////////// -->

    <import file="common.xml"/>

    <!-- 
    ////////////////////////////////////////////////////////////////////////
    ////////////////////////////////////////////////////////////////////////
    -->

    <target name="exemplar_compile" depends="init">
    <!-- /////////////////////////////////////////////////////////////// -->
      
      <delete dir="${tmp_dir}"/>
      <mkdir  dir="${tmp_dir}"/>
	
      <javac
        destdir="${tmp_dir}"
        deprecation="true"
        debug="true"
        source="1.6"
        target="1.6">
        <compilerarg value="-Xlint" />
        <src path="${src_dir}"/>
        <src path="${core_dir}/src"/>
        <include name="com/croftsoft/apps/exemplar/ExemplarApplet.java"/>
      </javac>
       
    </target>
      
    <target name="exemplar_run" depends="exemplar_compile">
    <!-- /////////////////////////////////////////////////////////////// -->           
      <java
        classname="com.croftsoft.apps.exemplar.ExemplarMain"
        fork="true">
        <classpath>
          <pathelement location="${tmp_dir}"/>
        </classpath>
      </java>
      
    </target>

    <target name="exemplar_jar" depends="exemplar_compile">
    <!-- /////////////////////////////////////////////////////////////// -->
      <mkdir dir="arc"/>
      <jar 
        basedir="${tmp_dir}"
        destfile="${arc_dir}/croftsoft_exemplar.jar"
        update="false">
        <manifest>
          <attribute
            name="Main-Class"
            value="com.croftsoft.apps.exemplar.ExemplarMain"/>
        </manifest>
      </jar>
    </target>

    <!-- /////////////////////////////////////////////////////////////// -->
    <!-- /////////////////////////////////////////////////////////////// -->
    </project>