<?xml version="1.0" encoding="UTF-8"?>

     <!-- 
     //////////////////////////////////////////////////////////////////////
     // title ......:  Ant build file for the Infant application
     // copyright ..:  CroftSoft Inc
     // version ....:  $Date: 2007/12/01 02:06:49 $
     // since ......:  2006-01-03
     // author .....:  David Wallace Croft (http://www.CroftSoft.com/)
     //////////////////////////////////////////////////////////////////////
     -->

     <project name="infant" default="infant_run" basedir="..">
     <!-- ///////////////////////////////////////////////////////////// -->
     <!-- ///////////////////////////////////////////////////////////// -->

     <import file="common.xml"/>
     
     <property name="website_dir"
       value="C:\Documents and Settings\David\workspace\croftsoft_website"/>
     <property name="deploy_dir"
       value="${website_dir}/src/library/software/infant/jnlp"/>
       
     <target name="infant_compile">
     <!-- ///////////////////////////////////////////////////////////// -->
      
       <delete dir="${tmp_dir}"/>
       <mkdir  dir="${tmp_dir}"/>
	
       <javac destdir="${tmp_dir}" debug="true">
         <src path="${src_dir}"/>
         <src path="${core_dir}/src"/>
         <classpath>
           <fileset dir="${ext_dir}/jinput" includes="**/*.jar"/>         
         </classpath>
         <include name="com/croftsoft/apps/infant/InfantMain.java"/>
       </javac>
     </target>
      
     <target name="infant_run" depends="infant_compile">
     <!-- ///////////////////////////////////////////////////////////// -->           
       <java
         classname="com.croftsoft.apps.infant.InfantMain"
         fork="true">
         <classpath>
           <pathelement location="${tmp_dir}"/>
           <fileset dir="${ext_dir}/jinput/windows" includes="**/*.jar"/>         
         </classpath>
         <sysproperty
           key="java.library.path"
           value="${ext_dir}/jinput/windows"/>
       </java>
     </target>

     <target name="infant_jar" depends="infant_compile">
     <!-- ///////////////////////////////////////////////////////////// -->
     
       <copy todir="${tmp_dir}/images">
         <fileset dir="${res_dir}/infant/images">
           <include name="*"/>
         </fileset>
       </copy>
       <copy todir="${tmp_dir}/setup">
         <fileset dir="${res_dir}/infant/setup">
           <include name="*"/>
         </fileset>
       </copy>
       <mkdir dir="arc/infant"/>
       <jar 
         basedir="${tmp_dir}"
         destfile="${arc_dir}/infant/croftsoft_infant.jar"
         update="false"/>
       <antcall target="repack_sign_pack">
         <param name="jar" value="${arc_dir}/infant/croftsoft_infant.jar"/>
       </antcall>       
       
       <!-- linux native -->
       
       <delete dir="${tmp_dir}"/>
       <mkdir  dir="${tmp_dir}"/>       
       <copy todir="${tmp_dir}">
         <fileset dir="${ext_dir}/jinput/linux">
           <include name="libjinput-linux.so"/>
         </fileset>
       </copy>
       <mkdir dir="${arc_dir}/infant/jinput/linux"/>
       <jar 
         basedir="${tmp_dir}"
         destfile="${arc_dir}/infant/jinput/linux/jinput-linux-native.jar"
         update="false"/>
       <antcall target="repack_sign_pack">
         <param name="jar"
           value="${arc_dir}/infant/jinput/linux/jinput-linux-native.jar"/>
       </antcall>       
       <delete dir="${tmp_dir}"/>
       
       <!-- mac native -->
       
       <delete dir="${tmp_dir}"/>
       <mkdir  dir="${tmp_dir}"/>       
       <copy todir="${tmp_dir}">
         <fileset dir="${ext_dir}/jinput/mac">
           <include name="libjinput.jnilib"/>
         </fileset>
       </copy>
       <mkdir dir="${arc_dir}/infant/jinput/mac"/>
       <jar 
         basedir="${tmp_dir}"
         destfile="${arc_dir}/infant/jinput/mac/jinput-mac-native.jar"
         update="false"/>
       <antcall target="repack_sign_pack">
         <param name="jar"
           value="${arc_dir}/infant/jinput/mac/jinput-mac-native.jar"/>
       </antcall>       
       <delete dir="${tmp_dir}"/>
       
       <!-- windows native -->
       
       <delete dir="${tmp_dir}"/>
       <mkdir  dir="${tmp_dir}"/>       
       <copy todir="${tmp_dir}">
         <fileset dir="${ext_dir}/jinput/windows">
           <include name="jinput-dx8.dll"/>
           <include name="jinput-raw.dll"/>
           <include name="jinput-wintab.dll"/>
         </fileset>
       </copy>
       <mkdir dir="${arc_dir}/infant/jinput/windows"/>
       <jar 
         basedir="${tmp_dir}"
      destfile="${arc_dir}/infant/jinput/windows/jinput-windows-native.jar"
         update="false"/>
       <antcall target="repack_sign_pack">
         <param name="jar"
       value="${arc_dir}/infant/jinput/windows/jinput-windows-native.jar"/>
       </antcall>       
       <delete dir="${tmp_dir}"/>
       
       <!-- non-native -->
              
       <copy todir="${arc_dir}/infant/jinput">
         <fileset dir="${ext_dir}/jinput">
           <filename name="**/*.jar"/>
         </fileset>
       </copy>
       
       <antcall target="repack_sign_pack">
         <param name="jar"
           value="${arc_dir}/infant/jinput/linux/jinput-linux.jar"/>
       </antcall>       
       <antcall target="repack_sign_pack">
         <param name="jar"
           value="${arc_dir}/infant/jinput/mac/jinput-mac.jar"/>
       </antcall>       
       <antcall target="repack_sign_pack">
         <param name="jar"
           value="${arc_dir}/infant/jinput/windows/jinput.jar"/>
       </antcall>
       
     </target>

     <target name="infant_deploy" depends="infant_jar">
     <!-- ///////////////////////////////////////////////////////////// -->
       <copy todir="${deploy_dir}">
         <fileset dir="${arc_dir}/infant">
<!--           
           <include name="**/*.jar"/>
           <include name="**/*.jar.pack.gz"/>
-->           
           <include name="*.jar"/>
           <include name="*.jar.pack.gz"/>
         </fileset>
       </copy>
       <echo message="If you update the security certificate,"/>
       <echo message="you will need to deploy the JInput JAR files too."/>
     </target>
     
     <!-- ///////////////////////////////////////////////////////////// -->
     <!-- ///////////////////////////////////////////////////////////// -->
     </project>