<?xml version="1.0" encoding="UTF-8"?>

     <!-- 
     //////////////////////////////////////////////////////////////////////
     // title ......:  Ant build file for the JInput application
     // copyright ..:  Copyright 2005 CroftSoft Inc
     // license ....:  Licensed under the Academic Free License version 2.1
     // version ....:  $Date: 2006/01/17 18:19:02 $
     // since ......:  2005-08-17
     // author .....:  David Wallace Croft (http://www.croftsoft.com/)
     //
     // See also build for Infant (infant.xml)
     //////////////////////////////////////////////////////////////////////
     -->

     <project name="jinput" default="jinput">
     <!-- ///////////////////////////////////////////////////////////// -->
     <!-- ///////////////////////////////////////////////////////////// -->

     <property name="arc_dir" value="arc"/>
     <property name="bld_dir" value="bld"/>
     <property name="ext_dir" value="ext"/>
     <property name="key_dir" value="key"/>
     <property name="lic_dir" value="lic"/>
     <property name="res_dir" value="res"/>
     <property name="src_dir" value="src"/>
     <property name="tmp_dir" value="tmp"/>

     <property name="core_src_dir" value="../core/src"/>

     <!-- 
     //////////////////////////////////////////////////////////////////////
     //////////////////////////////////////////////////////////////////////
     -->

     <target name="jinput_compile">
     <!-- ///////////////////////////////////////////////////////////// -->
      
       <delete dir="${tmp_dir}"/>
       <mkdir  dir="${tmp_dir}"/>
    
       <javac destdir="${tmp_dir}">
         <src path="${src_dir}"/>
         <classpath>
           <fileset
             dir="${ext_dir}/jinput/windows"
             includes="jinput-windows.jar"/>         
         </classpath>
         <include name="com/croftsoft/apps/jinput/Joystick.java"/>
       </javac>
        
     </target>
      
     <target name="jinput_run" depends="jinput_compile">
     <!-- ///////////////////////////////////////////////////////////// -->
           
       <java
         classname="com.croftsoft.apps.jinput.Joystick"
         fork="true">
         <classpath>
           <pathelement location="${tmp_dir}"/>
            <fileset
              dir="${ext_dir}/jinput/windows"
              includes="jinput-windows.jar"/>
         </classpath>
         <sysproperty
           key="java.library.path"
           value="${ext_dir}/jinput/windows"/>
       </java>
      
     </target>

     <target name="jinput" depends="jinput_run"/>

     <!-- ///////////////////////////////////////////////////////////// -->
     <!-- ///////////////////////////////////////////////////////////// -->
     </project>