<?xml version="1.0" encoding="UTF-8"?>

    <!-- 
    ////////////////////////////////////////////////////////////////////////
    // title ......:  Ant build file for the CroftSoft JOGL demo
    // version ....:  $Date: 2008/09/28 23:41:48 $
    // since ......:  2008-01-13
    // author .....:  David Wallace Croft (http://www.CroftSoft.com/)
    ////////////////////////////////////////////////////////////////////////
    -->

    <project name="jogl" default="jogl_run" basedir="..">
    <!-- /////////////////////////////////////////////////////////////// -->
    <!-- /////////////////////////////////////////////////////////////// -->

    <import file="common.xml"/>

    <!-- 
    ////////////////////////////////////////////////////////////////////////
    ////////////////////////////////////////////////////////////////////////
    -->

    <target name="jogl_compile" depends="init">
    <!-- /////////////////////////////////////////////////////////////// -->      
      <delete dir="${tmp_dir}"/>
      <mkdir  dir="${tmp_dir}"/>     	
      <property name="jogl_dir" value="${core_dir}/ext/jogl"/>	
      <javac
        destdir="${tmp_dir}"
        deprecation="true"
        debug="true"
        source="1.6"
        target="1.6">
        <classpath>
          <pathelement location="${jogl_dir}/windows/jogl.jar"/>
        </classpath>
        <compilerarg value="-Xlint" />
        <src path="${src_dir}"/>
        <src path="${core_dir}/src"/>
        <include name="com/croftsoft/apps/jogl/JoglApplet.java"/>
      </javac>       
    </target>
      
    <target name="jogl_run" depends="jogl_compile">
    <!-- /////////////////////////////////////////////////////////////// -->           
      <java
        classname="com.croftsoft.apps.jogl.JoglMain"
        fork="true">
        <classpath>
          <pathelement location="${jogl_dir}/windows/gluegen-rt.jar"/>
          <pathelement location="${jogl_dir}/windows/jogl.jar"/>
          <pathelement location="${tmp_dir}"/>
        </classpath>
        <jvmarg value="-Djava.library.path=${jogl_dir}/windows"/>
      </java>      
    </target>

    <target name="jogl_jar" depends="jogl_compile">
    <!-- /////////////////////////////////////////////////////////////// -->
      <mkdir dir="arc/jogl"/>
      <jar 
        basedir="${tmp_dir}"
        destfile="${arc_dir}/jogl/croftsoft_jogl.jar"
        update="false">
        <manifest>
          <attribute
            name="Main-Class"
            value="com.croftsoft.apps.jogl.JoglMain"/>
        </manifest>
      </jar>
    </target>

    <!-- /////////////////////////////////////////////////////////////// -->
    <!-- /////////////////////////////////////////////////////////////// -->
    </project>