<?xml version="1.0" encoding="UTF-8"?>

    <!-- 
    ////////////////////////////////////////////////////////////////////////
    // title ......:  Ant build file for the Neuro application
    // copyright ..:  CroftSoft Inc
    // version ....:  $Date: 2008/08/30 01:37:30 $
    // since ......:  2008-08-17
    // author .....:  David Wallace Croft (http://www.CroftSoft.com/)
    ////////////////////////////////////////////////////////////////////////
    -->

    <project name="neuro" default="neuro_run" basedir="..">
    <!-- /////////////////////////////////////////////////////////////// -->
    <!-- /////////////////////////////////////////////////////////////// -->

    <import file="common.xml"/>

    <!-- 
    ////////////////////////////////////////////////////////////////////////
    ////////////////////////////////////////////////////////////////////////
    -->

    <target name="neuro_compile" depends="init">
    <!-- /////////////////////////////////////////////////////////////// -->
      
      <delete dir="${tmp_dir}"/>
      <mkdir  dir="${tmp_dir}"/>
	
      <javac
        destdir="${tmp_dir}"
        deprecation="true"
        debug="true"
        source="1.6"
        target="1.6">
        <compilerarg value="-Xlint" />
        <src path="${src_dir}"/>
        <src path="${core_dir}/src"/>
        <include name="com/croftsoft/apps/neuro/NeuroApplet.java"/>
      </javac>
       
    </target>
      
    <target name="neuro_run" depends="neuro_compile">
    <!-- /////////////////////////////////////////////////////////////// -->           
      <java
        classname="com.croftsoft.apps.neuro.NeuroMain"
        fork="true">
        <classpath>
          <pathelement location="${tmp_dir}"/>
        </classpath>
      </java>
      
    </target>

    <target name="neuro_jar" depends="neuro_compile">
    <!-- /////////////////////////////////////////////////////////////// -->
      <mkdir dir="arc"/>
      <jar 
        basedir="${tmp_dir}"
        destfile="${arc_dir}/croftsoft_neuro.jar"
        update="false">
        <manifest>
          <attribute
            name="Main-Class"
            value="com.croftsoft.apps.neuro.NeuroMain"/>
        </manifest>
      </jar>
    </target>

    <!-- /////////////////////////////////////////////////////////////// -->
    <!-- /////////////////////////////////////////////////////////////// -->
    </project>