<?xml version="1.0" encoding="UTF-8"?>

    <!-- 
    ////////////////////////////////////////////////////////////////////////
    // title ......:  Ant build file for the Retirement servlet
    // copyright ..:  CroftSoft Inc
    // version ....:  $Date: 2007/09/30 21:18:00 $
    // since ......:  2007-09-30
    // author .....:  David Wallace Croft (http://www.CroftSoft.com/)
    ////////////////////////////////////////////////////////////////////////
    -->

    <project name="retirement" default="retirement_deploy" basedir="..">
    <!-- /////////////////////////////////////////////////////////////// -->
    <!-- /////////////////////////////////////////////////////////////// -->
     
    <import file="common.xml"/>

    <!-- 
    ////////////////////////////////////////////////////////////////////////
    ////////////////////////////////////////////////////////////////////////
    -->

    <target name="retirement_compile" depends="init">
    <!-- /////////////////////////////////////////////////////////////// -->
      
      <delete dir="${tmp_dir}"/>
      <mkdir  dir="${tmp_dir}"/>
	
      <javac
        classpath="${ext_dir}/javaee/javaee.jar"
        destdir="${tmp_dir}"
        deprecation="true"
        debug="true"
        source="1.5"
        target="1.5">
        <src path="${src_dir}"/>
        <src path="${core_dir}/src"/>
        <include
          name="com/croftsoft/apps/retirement/RetirementServlet.java"/>
        <compilerarg value="-Xlint" />
      </javac>
       
    </target>
      
    <target name="retirement_war" depends="retirement_compile">
    <!-- /////////////////////////////////////////////////////////////// -->
      
      <war
        destfile="${arc_dir}/retirement.war"
        webxml="${res_dir}/retirement/web.xml">
        <classes dir="${tmp_dir}"/>
        <fileset dir="${res_dir}/retirement/fileset"/>
      </war>
         
    </target>

    <target name="retirement_deploy" depends="retirement_war">
    <!-- /////////////////////////////////////////////////////////////// -->
      <scp
        localFile="${arc_dir}/retirement.war"
        remoteTodir=
          "root@croftsoft.com:/opt/jboss4/server/default/deploy"
        password="${deploy_password}"
        trust="true"
        verbose="true"/>
    </target>

    <!-- /////////////////////////////////////////////////////////////// -->
    <!-- /////////////////////////////////////////////////////////////// -->
    </project>