<?xml version="1.0" encoding="UTF-8"?>

     <!-- 
     //////////////////////////////////////////////////////////////////////
     // title ......:  Ant build file for the Savor application
     // copyright ..:  CroftSoft Inc
     // version ....:  $Date: 2006/12/10 08:18:11 $
     // since ......:  2006-12-09
     // author .....:  David Wallace Croft (http://www.CroftSoft.com/)
     //////////////////////////////////////////////////////////////////////
     -->

     <project name="savor" default="savor_test" basedir="..">
     <!-- ///////////////////////////////////////////////////////////// -->
     <!-- ///////////////////////////////////////////////////////////// -->

     <import file="common.xml"/>

     <!-- 
     //////////////////////////////////////////////////////////////////////
     //////////////////////////////////////////////////////////////////////
     -->

     <target name="savor_init" depends="init">
     <!-- ///////////////////////////////////////////////////////////// -->
     
       <!-- NSIS available from http://nsis.sf.net/ -->
       <property name="nsis_dir"       value="C:/Program Files/NSIS" />
       <property name="saverbeans_dir" value="${ext_dir}/saverbeans" />  
        
       <property name="productName"      value="CroftSoft Savor 2D" />
       <property name="productVersion"   value="${TODAY_ISO}" />
       <property name="productPublisher" value="CroftSoft Inc" />
       <property name="productWebSite"  value="http://www.CroftSoft.com/"/>
       <property name="debug.params"     value=""/>
       <property name="screensaver.class"
         value="com.croftsoft.apps.savor.Savor2D"/>
       
       <property name="saver_name" value="croftsoft_savor2d" />
         
       <delete dir="${tmp_dir}"/>
       <mkdir  dir="${tmp_dir}"/>
       
     </target>

     <target name="savor_compile" depends="savor_init">
     <!-- ///////////////////////////////////////////////////////////// -->
      
       <javac destdir="${tmp_dir}" deprecation="true">
         <classpath>
           <fileset
             dir="${saverbeans_dir}"
             includes="**/*.jar"/>         
         </classpath>
         <src path="${src_dir};${core_dir}/src"/>
         <include name="com/croftsoft/apps/savor/Savor2D.java"/>
       </javac>
       
     </target>
     
     <target name="savor_test" depends="savor_compile">
     <!-- ///////////////////////////////////////////////////////////// -->
     
       <java
         classname="org.jdesktop.jdic.screensaver.ScreensaverFrame" 
         fork="true">
         <classpath>
           <pathelement location="${tmp_dir}" />
           <fileset
             dir="${saverbeans_dir}"
             includes="**/*.jar"/>         
         </classpath>
         <jvmarg value="-Xdebug" />
         <jvmarg value="-Xrunjdwp:transport=dt_socket,server=y,suspend=n"/>
         <arg value="${screensaver.class}" />
         <arg line="${debug.params}" />
       </java>
      
     </target>
        
     <target name="savor_license" depends="savor_test">
     <!-- ///////////////////////////////////////////////////////////// -->
     
       <mkdir dir="${tmp_dir}/license"/>
       
       <echo file="${tmp_dir}/license/license.txt">${productName}
Version ${productVersion}
Copyright ${YEAR} ${productPublisher}
${productWebSite}
Licensed under the Academic Free License version 3.0.
         
Includes code from the SaverBeans ScreenSaver SDK.
Copyright Sun Microsystems.
Licensed under the Lesser Gnu Public License version 2.1.
       </echo>
       
       <concat destfile="${tmp_dir}/license/license.txt" append="true">
       ================================================
       ================================================

       </concat>       
      
       <concat destfile="${tmp_dir}/license/license.txt" append="true">
         <fileset file="${res_dir}/shared/license.txt"/>
       </concat>       
      
       <concat destfile="${tmp_dir}/license/license.txt" append="true">

       ================================================
       ================================================

       </concat>       
      
       <concat destfile="${tmp_dir}/license/license.txt" append="true">
         <fileset file="${saverbeans_dir}/COPYING"/>
       </concat>       
      
     </target>
      
     <target name="savor_jar" depends="savor_license">
     <!-- ///////////////////////////////////////////////////////////// -->

       <mkdir  dir="${tmp_dir}/savor/jar"/>
       
       <jar 
         basedir="${tmp_dir}"
         destfile="${tmp_dir}/savor/jar/${saver_name}.jar"
         update="false"/>
         
     </target>
         
     <target name="savor_foreach" depends="savor_jar">
     <!-- ///////////////////////////////////////////////////////////// -->
     
       <taskdef name="foreachscreensaver" 
         classname=
           "org.jdesktop.jdic.screensaver.autogen.ForEachScreensaver"
         classpath="${saverbeans_dir}/saverbeans-ant.jar" />
         
       <mkdir dir="${tmp_dir}/savor/win32" />

       <foreachscreensaver
         confDir="${res_dir}/savor/conf"
         outDir="${tmp_dir}/savor/win32"
         os="win32"
         jogl="false" />
         
     </target>

     <target name="savor_zip" depends="savor_foreach">
     <!-- ///////////////////////////////////////////////////////////// -->

       <copy todir="${tmp_dir}/savor/win32">
         <fileset dir="${saverbeans_dir}">
           <include name="saverbeans-api.jar" />
         </fileset>
         <fileset dir="${tmp_dir}/savor/jar">
           <include name="${saver_name}.jar" />
         </fileset>
         <fileset dir="${tmp_dir}/license">
           <include name="license.txt" />
         </fileset>
       </copy>
       
       <zip
         destfile="${tmp_dir}/savor/${saver_name}_win32.zip"
         basedir="${tmp_dir}/savor/win32"
         includes="**" />
         
     </target>
     
     <target name="savor_installer" depends="savor_zip">
     <!-- ///////////////////////////////////////////////////////////// -->
     
       <!-- this directory is hard-coded into the make32installscript -->
       <mkdir dir="build" />
         
       <mkdir dir="${tmp_dir}/savor/win32-installer" />

       <taskdef name="makewin32installscript" 
         classname="org.jdesktop.jdic.screensaver.autogen.NsiGeneratorTask"
         classpath="${saverbeans_dir}/saverbeans-ant.jar" />
         
       <makewin32installscript
         productName="${productName}"
         productVersion="${productVersion}"
         productPublisher="${productPublisher}"
         productWebSite="${productWebSite}"
         licenseFile="${tmp_dir}/license/license.txt"
         outputFilename="${saver_name}_setup.exe"
         saverbeansSdkPath="${saverbeans_dir}"
         outFile="${tmp_dir}/savor/win32-installer/${saver_name}.nsi"
         jarDir="${tmp_dir}/savor/jar"
         scrDir="${tmp_dir}/savor/win32"
         jogl="false">
         <fileset
           dir="${res_dir}/savor/conf"
           includes="croftsoft_savor2d.xml" />
       </makewin32installscript>
       
       <exec
         executable="${nsis_dir}/makensis.exe"
         failonerror="true">
         <arg
           line="${tmp_dir}/savor/win32-installer/${saver_name}.nsi" />
       </exec>
       
       <delete dir="build" />

       <copy
         file="${tmp_dir}/savor/win32-installer/${saver_name}_setup.exe"
         todir="${arc_dir}" />       
       
     </target>

     <!-- ///////////////////////////////////////////////////////////// -->
     <!-- ///////////////////////////////////////////////////////////// -->
     </project>