<?xml version="1.0" encoding="UTF-8"?>

     <!-- 
     //////////////////////////////////////////////////////////////////////
     // title ......:  Ant build file for CroftSoft Slideshow
     // copyright ..:  CroftSoft Inc
     // version ....:  $Date: 2006/12/16 09:47:26 $
     // since ......:  2006-12-16
     // author .....:  David Wallace Croft (http://www.CroftSoft.com/)
     //////////////////////////////////////////////////////////////////////
     -->

     <project name="slideshow" default="slideshow_run" basedir="..">
     <!-- ///////////////////////////////////////////////////////////// -->
     <!-- ///////////////////////////////////////////////////////////// -->

     <import file="common.xml"/>

     <!-- 
     //////////////////////////////////////////////////////////////////////
     //////////////////////////////////////////////////////////////////////
     -->

     <target name="slideshow_compile" depends="init">
     <!-- ///////////////////////////////////////////////////////////// -->
      
       <delete dir="${tmp_dir}"/>
       <mkdir  dir="${tmp_dir}"/>
	
       <javac
         destdir="${tmp_dir}"
         deprecation="true"
         debug="true"
         source="1.6"
         target="1.6">
         <compilerarg value="-Xlint" />
         <src path="${src_dir}"/>
         <src path="${core_dir}/src"/>
         <include
           name="com/croftsoft/apps/slideshow/SlideshowApplet.java"/>
       </javac>
       
     </target>
      
     <target name="slideshow_run" depends="slideshow_compile">
     <!-- ///////////////////////////////////////////////////////////// -->           
       <java
         classname="com.croftsoft.apps.slideshow.SlideshowMain"
         fork="true">
         <classpath>
           <pathelement location="${tmp_dir}"/>
         </classpath>
       </java>
      
     </target>

     <target name="slideshow_jar" depends="slideshow_compile">
     <!-- ///////////////////////////////////////////////////////////// -->
       <mkdir dir="arc"/>
       <jar 
         basedir="${tmp_dir}"
         destfile="${arc_dir}/croftsoft_slideshow.jar"
         update="false">
         <manifest>
           <attribute
             name="Main-Class"
             value="com.croftsoft.apps.slideshow.SlideshowMain"/>
         </manifest>
       </jar>         
     </target>

     <target name="slideshow_sign" depends="slideshow_jar">
     <!-- ///////////////////////////////////////////////////////////// -->
       <antcall target="repack_sign_pack">
         <param name="jar"
           value="${arc_dir}/croftsoft_slideshow.jar" />
       </antcall>
     </target>
     
     <!-- ///////////////////////////////////////////////////////////// -->
     <!-- ///////////////////////////////////////////////////////////// -->
     </project>