<?xml version="1.0" encoding="UTF-8"?>

<server>

   <mbean code="org.jboss.jms.server.destination.QueueService"
      name="jboss.messaging.destination:service=Queue,name=testQueue"
      xmbean-dd="xmdesc/Queue-xmbean.xml">
      <attribute name="JNDIName">queue/testQueue</attribute>
      <depends optional-attribute-name="ServerPeer">jboss.messaging:service=ServerPeer</depends>
      <depends>jboss.messaging:service=PostOffice</depends>
   </mbean>

   <mbean code="org.jboss.jms.server.destination.QueueService"
      name="jboss.messaging.destination:service=Queue,name=A"
      xmbean-dd="xmdesc/Queue-xmbean.xml">
      <attribute name="JNDIName">queue/A</attribute>
      <depends optional-attribute-name="ServerPeer">jboss.messaging:service=ServerPeer</depends>
      <depends>jboss.messaging:service=PostOffice</depends>
   </mbean>
   
   <mbean code="org.jboss.jms.server.destination.TopicService"
      name="jboss.messaging.destination:service=Topic,name=A"
      xmbean-dd="xmdesc/Topic-xmbean.xml">
      <attribute name="JNDIName">topic/testTopic</attribute>
      <depends optional-attribute-name="ServerPeer">jboss.messaging:service=ServerPeer</depends>
      <depends>jboss.messaging:service=PostOffice</depends>
   </mbean>

</server>
