<?xml version="1.0" encoding="utf-8"?>
<jboss
        xmlns="http://www.jboss.com/xml/ns/javaee"
        xmlns:xsi="http://www.w3.org/2001/XMLSchema-instance"
        xsi:schemaLocation="http://www.jboss.com/xml/ns/javaee
                            http://www.jboss.org/j2ee/schema/jboss_5_0.xsd"
        version="3.0">

<security-domain>other</security-domain>
	<enterprise-beans>
		<session>
			<ejb-name>PartialXMLDD</ejb-name>
			<resource-ref>
				<res-ref-name>DefaultDS</res-ref-name>
				<mapped-name>java:/DefaultDS</mapped-name>
			</resource-ref>
		</session>
	</enterprise-beans>
        
</jboss>        