<?xml version='1.0' encoding='UTF-8'?>
<chapter id="Partial_deployment_descriptor">

   <title>Partial Deployment Descriptors</title>

   <para>
      EJB 3.0 allows for partial deployment descriptors to augment or override the behavior of source code annotations. This tutorial describes
      the use of partial deployment descriptors.
   </para>
   <sect5>
      Overview :
		<para>
	 		Beans in EJB 3.0 can be specified via source code annotations and/or a deployment descriptor. The deployment descriptor is used to
	 		augment or override the source code annotations. There are some limitations on which annotations may be overridden, however.
	 		The annotations that specify the bean itself (e.g. <literal>@Stateless</literal>, <literal>@Stateful</literal>,
	 		<literal>@MessageDriven</literal>, <literal>@Service</literal>,  <literal>@Consumer</literal>) cannot be overridden.
	 		The EJB 3.0 <literal>ejb-jar.xml</literal> deployment descriptor xsd specifies the majority of tags as optional in order to
	 		support annotation augmentation and overrides. The deployment descriptor does not need to specify all of the required information,
	 		just that additional information to override or augment the source code annotations.
      </para>
   </sect5>
   <sect5>
      Example :
      	<para>
         	This section contains examples of complete and partial deployment descriptors for completely specifying or overriding
         	specific behaviors of EJBs.
      	</para>
      	<sect5>
         	Complete deployment descriptor :
         	<para>
            	Take a look at the <literal>META-INF/ejb-jar.xml</literal>. The ejb-jar.xml in this tutorial configures the <literal>CompleteXMLDD</literal>
            	bean only through the deployment descriptor. The <literal>PartialXMLDD</literal> bean is configured through the deployment descriptor
            	as well as through annotations.
				<programlisting>
					<![CDATA[
<?xml version="1.0" encoding="UTF-8"?>
<ejb-jar
        xmlns="http://java.sun.com/xml/ns/javaee"
        xmlns:xsi="http://www.w3.org/2001/XMLSchema-instance"
        xsi:schemaLocation="http://java.sun.com/xml/ns/javaee
                            http://java.sun.com/xml/ns/javaee/ejb-jar_3_0.xsd"
        version="3.0">
	<description>Partial deployment descriptors for EJB in JBoss</description>
   	<display-name>Partial deployment descriptors</display-name>
   	<enterprise-beans>
      <session>
         <ejb-name>CompleteXMLDD</ejb-name>
         <business-remote>org.jboss.tutorial.partial_deployment_descriptor.bean.CompleteXMLDD</business-remote>
         <ejb-class>org.jboss.tutorial.partial_deployment_descriptor.bean.CompleteXMLDDBean</ejb-class>
         <session-type>Stateless</session-type>
         <transaction-type>Container</transaction-type>
         <ejb-ref>
            <ejb-ref-name>ejb/PartialXMLDD</ejb-ref-name>
            <ejb-ref-type>Session</ejb-ref-type>
            <mapped-name>PartialXMLDD/remote</mapped-name>
            <injection-target>
             	<injection-target-class>org.jboss.tutorial.partial_deployment_descriptor.bean.CompleteXMLDDBean</injection-target-class>
             	<injection-target-name>partialXMLDDBean</injection-target-name>
             </injection-target>
         </ejb-ref>
         <resource-ref>
             <res-ref-name>TimerService</res-ref-name>
             <res-type>javax.ejb.TimerService</res-type>
             <res-auth>Container</res-auth>
             <res-sharing-scope>Shareable</res-sharing-scope>
             <injection-target>
             	<injection-target-class>org.jboss.tutorial.partial_deployment_descriptor.bean.CompleteXMLDDBean</injection-target-class>
             	<injection-target-name>timerService</injection-target-name>
             </injection-target>
         </resource-ref>
         <post-construct>
         	<lifecycle-callback-class>org.jboss.tutorial.partial_deployment_descriptor.bean.ExternalCallbackListener</lifecycle-callback-class>
         	<lifecycle-callback-method>postConstruct</lifecycle-callback-method>
         </post-construct>

         <security-identity>
            <run-as>
               <role-name>admin</role-name>
            </run-as>
         </security-identity>
      </session>
      <session>
         <ejb-name>PartialXMLDD</ejb-name>
         <business-remote>org.jboss.tutorial.partial_deployment_descriptor.bean.PartialXMLDD</business-remote>
         <ejb-class>org.jboss.tutorial.partial_deployment_descriptor.bean.PartialXMLDDBean</ejb-class>
         <session-type>Stateful</session-type>
         <init-method>
         	<create-method>
         		<method-name>create</method-name>
         	</create-method>
         	<bean-method>
         		<method-name>init</method-name>
         	</bean-method>
         </init-method>
         <remove-method>
         	<bean-method>
         		<method-name>remove</method-name>
         	</bean-method>
         </remove-method>
         <transaction-type>Container</transaction-type>

         <env-entry>
            <env-entry-name>id</env-entry-name>
            <env-entry-type>java.lang.String</env-entry-type>
            <env-entry-value>5678</env-entry-value>
         </env-entry>
         <resource-ref>
            <res-ref-name>DefaultDS</res-ref-name>
            <res-type>javax.sql.DataSource</res-type>
            <res-auth>Container</res-auth>
            <res-sharing-scope>Shareable</res-sharing-scope>
            <injection-target>
            	<injection-target-class>org.jboss.tutorial.partial_deployment_descriptor.bean.PartialXMLDDBean</injection-target-class>
            	<injection-target-name>ds</injection-target-name>
            </injection-target>
         </resource-ref>
      </session>
   </enterprise-beans>
   <interceptors>
   	<interceptor>
   		<interceptor-class>org.jboss.tutorial.partial_deployment_descriptor.bean.FirstInterceptor</interceptor-class>
   		<around-invoke>
   			<method-name>interceptorMethod</method-name>
   		</around-invoke>
   	</interceptor>
   	<interceptor>
   		<interceptor-class>org.jboss.tutorial.partial_deployment_descriptor.bean.SecondInterceptor</interceptor-class>
   	</interceptor>
   </interceptors>
   <assembly-descriptor>
   	  <security-role>
         <role-name>admin</role-name>
      </security-role>
      <security-role>
         <role-name>normal</role-name>
      </security-role>
      <method-permission>
         <role-name>normal</role-name>
         <method>
            <ejb-name>CompleteXMLDD</ejb-name>
            <method-name>sayHello</method-name>
         </method>
      </method-permission>
      <method-permission>
         <unchecked/>
         <method>
            <ejb-name>CompleteXMLDD</ejb-name>
            <method-name>sayBye</method-name>
         </method>
      </method-permission>
      <method-permission>
         <role-name>admin</role-name>
         <method>
            <ejb-name>PartialXMLDD</ejb-name>
            <method-name>echoMessage</method-name>
         </method>
         <method>
            <ejb-name>PartialXMLDD</ejb-name>
            <method-name>changeMessage</method-name>
         </method>
      </method-permission>
      <container-transaction>
         <method>
            <ejb-name>CompleteXMLDD</ejb-name>
            <method-name>greetWithNotSupportedTransaction</method-name>
         </method>
         <trans-attribute>NotSupported</trans-attribute>
      </container-transaction>
      <container-transaction>
         <method>
            <ejb-name>CompleteXMLDD</ejb-name>
            <method-name>greetWithRequiredTransaction</method-name>
            <method-params>
               <method-param>java.lang.String</method-param>
            </method-params>
         </method>
         <trans-attribute>Required</trans-attribute>
      </container-transaction>
      <interceptor-binding>
      	<ejb-name>CompleteXMLDD</ejb-name>
      	<interceptor-class>org.jboss.tutorial.partial_deployment_descriptor.bean.FirstInterceptor</interceptor-class>
      	<interceptor-class>org.jboss.tutorial.partial_deployment_descriptor.bean.SecondInterceptor</interceptor-class>
   	  </interceptor-binding>
      <exclude-list>
         <method>
            <ejb-name>CompleteXMLDD</ejb-name>
            <method-name>uncallableMethod</method-name>
         </method>
      </exclude-list>

   </assembly-descriptor>

</ejb-jar>

			]]>
		</programlisting>
       </para>
      </sect5>
      <sect5>
         Transactions :
         <para>
            The following <literal>ejb-jar.xml</literal> file overrides any <literal>@TransactionAttribute</literal> annotations for the
            <literal>greetWithNotSupportedTransaction</literal> method of the <literal>CompleteXMLDD</literal> bean and adds a
            <literal>@TransactionAttribute</literal> annotation for <literal>NOT SUPPORTED</literal>.
            <programlisting>
            	<![CDATA[
@TransactionAttribute (TransactionAttributeType.REQUIRES_NEW)
public String greetWithNotSupportedTransaction(String name)
{

...
<container-transaction>
   <method>
      <ejb-name>CompleteXMLDD</ejb-name>
      <method-name>greetWithNotSupportedTransaction</method-name>
   </method>
   <trans-attribute>NotSupported</trans-attribute>
</container-transaction>
...
            ]]></programlisting>
         </para>
      </sect5>
      <sect5>
         References :
         <para>
            The following <literal>ejb-jar.xml</literal> file creates a EJB reference and injects the EJB to the injection
            target of the <literal>partialXMLDDBean</literal> member variable.
            <programlisting><![CDATA[
<ejb-name>CompleteXMLDD</ejb-name>
...
<ejb-ref>
   <ejb-ref-name>ejb/PartialXMLDD</ejb-ref-name>
   <ejb-ref-type>Session</ejb-ref-type>
   <mapped-name>PartialXMLDD/remote</mapped-name>
   <injection-target>
    	<injection-target-class>org.jboss.tutorial.partial_deployment_descriptor.bean.CompleteXMLDDBean</injection-target-class>
    	<injection-target-name>partialXMLDDBean</injection-target-name>
    </injection-target>
</ejb-ref>
...
            ]]></programlisting>
         </para>
      </sect5>
      <sect5>
         Callbacks :
         <para>
            The following <literal>ejb-jar.xml</literal> file adds a <literal>@PostConstruct</literal> annotation to the
            <literal>postConstruct</literal> method of the <literal>CompleteXMLDD</literal> bean.
            <programlisting>
            	<![CDATA[
<ejb-name>CompleteXMLDD</ejb-name>
...
<post-construct>
	<lifecycle-callback-class>org.jboss.tutorial.partial_deployment_descriptor.bean.ExternalCallbackListener</lifecycle-callback-class>
	<lifecycle-callback-method>postConstruct</lifecycle-callback-method>
</post-construct>
...
            	]]>
            </programlisting>
         </para>
      </sect5>
   </sect5>

   	<sect5>

Building and Running
	<para>
			<note>
					<para>
						To build and run the example, make sure you have installed JBoss 5.x.
						See the <xref linkend="JBossAS5">installation section</xref> for details.
					</para>
			</note>
			From the command prompt, move to the "partial_deployment_descriptor" folder under the <xref linkend="EJB3_TUTORIAL_HOME">EJB3_TUTORIAL_HOME</xref>
			<sect5>
		Ant Users:
			</sect5>
				<para>
				Make sure your JBossAS-5.x is running
				</para>
			<programlisting>
			<![CDATA[
$ ant
$ ant run

run:
     [java] jai is a normal user
     [java] Hello, jai. I am the CompleteXMLDDBean. I have the following resources with me:
     [java] Timer Service : org.jboss.ejb3.timerservice.jboss.TimerServiceFacade@184a6b9
     [java] PartialXMLDD Bean : Proxy to jboss.j2ee:jar=jboss-ejb3-tutorial-partial_deployment_descriptor.jar,name=PartialXMLDD,service=EJB3 implementing [interface org.jboss.ejb3.proxy.intf.EjbProxy, interface org.jboss.tutorial.partial_deployment_descriptor.bean.PartialXMLDD, interface org.jboss.ejb3.proxy.intf.StatefulSessionProxy, interface org.jboss.ejb3.proxy.intf.SessionProxy]
     [java]
     [java] Welcome jai, you are in a method with no transaction supported
     [java] Welcome jai, you are in a method with a REQUIRED transaction
     [java] Bye, jai. Hope to see you again
     [java] We'll try calling an uncallable method
     [java] Caught expected exception : Caller unauthorized
     [java] bill is an admin
     [java] Sending Hello World message to bean. We expect the bean to change it
     [java] This message has been changed
     [java] Now calling echo message
     [java] Hello World
     [java] We are done with the bean, let's remove it
     [java] Bean removed


		     ]]>
			</programlisting>

			<sect5>
Maven Users: Make sure the AS is not running.
	</sect5>

	<programlisting>
$ mvn clean install -PRunSingleTutorial
			</programlisting>

		</para>
	</sect5>


</chapter>

