<?xml version='1.0' encoding='UTF-8'?>
<chapter id="Table_per_Class_inheritance_in_EJB3_Entities">
	<title>Table per Class inheritance in EJB3 Entities</title>

	<para>
		The EJB3 specification allows you to define entities that inherit from one another. The inheritance
		relationships can be reflected in queries as well. So, if you queried based on the base class, the
		query is polymorphic.
	</para>

	<para>
		This tutorial uses the table per class strategy to map an inheritance relationship of
		<literal>org.jboss.tutorial.tableperinheritance.bean.Pet</literal>, which is the base class for
		<literal>org.jboss.tutorial.tableperinheritance.bean.Cat</literal> and <literal>org.jboss.tutorial.tableperinheritance.bean.Dog</literal>.
	</para>

	<para>
		With the table per class strategy there is a table per class in the hierarchy, and each table has
		every single property that particular class will persist.
	</para>

	<para>
		This is what the annotations look like for Pet:

		<programlisting>
			<![CDATA[
@Entity
@Inheritance(strategy = InheritanceType.TABLE_PER_CLASS)
public class Pet implements java.io.Serializable
{

...
			]]>
		</programlisting>
		The subclass annotations look like this:

		<programlisting>
			<![CDATA[
@Entity
public class Dog extends Pet
{
...
			]]>

		</programlisting>

	</para>

	<sect5>
		Polymorphic Queries :
		<para>
			<literal>org.jboss.tutorial.tableperinheritance.bean.PetDAOBean</literal> stateless EJB wraps some polymorphic queries :
			<programlisting>
				<![CDATA[
public List findByWeight(double weight)
{
   return manager.createQuery("from Pet p where p.weight < :weight").setParameter("weight", weight).getResultList();
}

				]]>
			</programlisting>
			Even though the <literal>findByWeight</literal> method queries on Pet, either Dog or Cat instances can be returned.
		</para>
	</sect5>

	<sect5>
		Table Mapping :

		<para>
			The table mapping for this example looks like this:
			<programlisting>
				<![CDATA[
create table CAT (
  ID integer primary key,
  LIVES int
  NAME varchar,
  WEIGHT double
);

create table DOG (
  ID integer primary key,
  NUMBONES int
  NAME varchar,
  WEIGHT double
);

				]]>
			</programlisting>
		</para>
		The table per class strategy is less efficient than the single table strategy as the SQL query is more complicated.
	</sect5>

	<sect5>

Building and Running
	<para>
			<note>
					<para>
						To build and run the example, make sure you have installed JBoss 5.x.
						See the <xref linkend="JBossAS5">installation section</xref> for details.
					</para>
			</note>
			<important>
				<para>
					Because of a bug in HSQL, this tutorial does not work against the HSQL DB (which
					JBoss ships by default). Till this is fixed, running the client is not possible.
					Alternately, you can configure a datasource to use some other database and then
					use that datasource in the persistence.xml
				</para>
			</important>
			From the command prompt, move to the "tableperinheritance" folder under the <xref linkend="EJB3_TUTORIAL_HOME">EJB3_TUTORIAL_HOME</xref>
			<sect5>
		Ant Users:
			</sect5>
				<para>
				Make sure the "default" server configuration of JBossAS-5.x is running
				</para>
			<programlisting>
			<![CDATA[
$ ant
		     ]]>
			</programlisting>

			<sect5>
Maven Users: Make sure the AS is not running.
	</sect5>

	<programlisting>
$ mvn clean install -PRunSingleTutorial
			</programlisting>

		</para>
	</sect5>
	<sect5>
			View the tables and rows:

		<para>
			You can view the tables created by JBoss by going to the
			<ulink url="http://localhost:8080/jmx-console/HtmlAdaptor?action=inspectMBean&amp;name=jboss%3Aservice%3DHypersonic%2Cdatabase%3DlocalDB">Hypersonic Service</ulink>,
			scrolling down to the <literal>startDatabaseManager</literal> button and clicking it.
			A Hypersonic SQL window will be minimized, but you can open it up to look at the tables and do queries.

		</para>
	</sect5>
</chapter>