<?xml version="1.0" encoding="UTF-8"?>
<ejb-jar
        xmlns="http://java.sun.com/xml/ns/javaee"
        xmlns:xsi="http://www.w3.org/2001/XMLSchema-instance"
        xsi:schemaLocation="http://java.sun.com/xml/ns/javaee
                            http://java.sun.com/xml/ns/javaee/ejb-jar_3_0.xsd"
        version="3.0">
   <description>JBoss Message Driven Bean Tutorial</description>
   <display-name>JBoss Message Driven Bean Tutorial</display-name>
   <enterprise-beans>
      <message-driven>
         <ejb-name>ExampleMDB</ejb-name>
         <ejb-class>org.jboss.tutorial.quartz.bean.QuartzMDBBean</ejb-class>
         <transaction-type>Container</transaction-type>
         <activation-config>
            <activation-config-property>
               <activation-config-property-name>cronTrigger</activation-config-property-name>
               <activation-config-property-value>0/2 * * * * ?</activation-config-property-value>
            </activation-config-property>
            
            
         </activation-config>
      </message-driven>
      <message-driven>
         <ejb-name>ExampleMDB2</ejb-name>
         <ejb-class>org.jboss.tutorial.quartz.bean.QuartzMDBBean</ejb-class>
         <transaction-type>Container</transaction-type>
         <activation-config>
            <activation-config-property>
               <activation-config-property-name>cronTrigger</activation-config-property-name>
               <activation-config-property-value>0/3 * * * * ?</activation-config-property-value>
            </activation-config-property>
            
            
         </activation-config>
         
      </message-driven>
   </enterprise-beans>
</ejb-jar>
