<?xml version="1.0" encoding="utf-8"?>
<jboss
        xmlns="http://www.jboss.com/xml/ns/javaee"
        xmlns:xsi="http://www.w3.org/2001/XMLSchema-instance"
        xsi:schemaLocation="http://www.jboss.com/xml/ns/javaee
                            http://www.jboss.org/j2ee/schema/jboss_5_0.xsd"
        version="3.0">
   <enterprise-beans>
      <message-driven>
         <ejb-name>ExampleMDB</ejb-name>
         <resource-adapter-name>quartz-ra.rar</resource-adapter-name>
      </message-driven>
      <message-driven>
         <ejb-name>ExampleMDB2</ejb-name>
         <resource-adapter-name>quartz-ra.rar</resource-adapter-name>
      </message-driven>
   </enterprise-beans>
</jboss>
